ID,Program,Award / Forecast ID,Prime,Value / Term,Scope,IOM Seam / Relevance,Status,Confidence,Source Refs,Source URL
1,CGCYBER IOM,Forecast F2026073117,Unknown,> $100M forecast; FFP; GSA Schedule; RFQ forecast 23 Sep 2026; Q1 FY2027 award; completion 3 Jan 2032,"CuOps, FuOps, Ops Support consolidation; possible CGCC-36/37/AA seams",Direct target opportunity,Forecast active,High,S1,https://apfs-cloud.dhs.gov/record/73117/public-print/
2,Legacy CuOps,Archived forecast F2025070259,Unknown,"$10-20M forecast; SDVOSB signal; 24x7 SOC, incident response, hunting, CGEMP/NIPR/SIPR",Likely absorbed into IOM operations core,Direct Current Operations lineage,Archived / absorbed,High,S1;S40,https://apfs-cloud.dhs.gov/record/73117/public-print/; https://govtribe.com/opportunity/federal-forecast/coast-guard-cyber-command-current-operations-cybersecurity-services-dhsforecastf2025070259
3,Legacy FuOps,Archived forecast,Unknown,"$10-20M forecast; VETS 2 / SDVOSB signal; DCO planning, toolsets, web/apps, NIPR/SIPR/JWICS",Likely absorbed into IOM planning and engineering core,Direct Future Operations lineage,Archived / absorbed,High,S1;S41,https://apfs-cloud.dhs.gov/record/73117/public-print/; https://www.highergov.com/contract-forecast/uscg-cgcyber-future-operations-fuops-support-ser-1131299/
4,IARMS,70Z04425DESD40001 / 70Z04425FCAD20001,OneOmega JV,$160M IDIQ over 5 years; first task reported about $45.9M,"ISSO, ISSE, SCA, cyber compliance/readiness, site and vessel assessments",Direct CGCC-AA / RMF / compliance seam,Active,High,S11;S12;S13,https://www.washingtontechnology.com/contracts/2025/08/small-business-joint-venture-wins-coast-guard-cyber-contract/407795/; https://alphaomega.com/news/oneomega-wins-160m-u-s-coast-guard-idiq/; https://govtribe.com/award/federal-contract-award/delivery-order-70z04425desd40001-70z04425fcad20001
5,IMS,70Z07923AISD20001 / 0002,Knight Point Systems / GovCIO; Blue Tech second BPA,$345.3M task reported; program ceiling $869M,"Stabilize, secure, and modernize enterprise IT; C5I integration","Infrastructure, tools, networks, service management upstream seam",Active,High,S14,https://govtribe.com/award/federal-idv-award/blanket-purchase-agreement-70z07923aisd20001
6,IPSS,Unresolved public award metadata,GovCIO,Vendor-confirmed active program,Infrastructure Product Support Services,Likely IMS delivery / successor branding; validate exact metadata,Active / unresolved,Medium-high,S35,https://govcio.com/uscoastguard-infrastructure-product-support-services-ipss/
7,Variable Infrastructure Award (VIA),Forecast F2025070444,IMS follow-on market,> $100M; planned 2026-2036,"BOAs plus single VIA-Sustain call for network, IT security, service desk, assets",Future infrastructure boundary; stale forecast,Watch,Medium,S15,https://www.highergov.com/contract-forecast/uscg-variable-infrastructure-award-via-1127411/
8,NOSC support,70Z07922FCYBR0002 / GS35F0579P,NetCentrics,$11.77M; public PoP ended Jan 2024,Network Operations Security Center support,Best public historical CuOps/NOSC lineage; current incumbent unresolved,Historical,High,S23;S24,https://www.usaspending.gov/award/CONT_AWD_70Z07922FCYBR0002_7008_GS35F0579P_4730; https://www.highergov.com/idv/GS35F0579P/
9,Cyber SME / CND,70Z07918FPNZ00200 / GS35F614GA,AveningTech,About $5.6M; 2018-2019,"NIPR/SIPR/JWICS CND technical, operational, administrative, and security support",Historical exact-language CND adjacency,Historical,High,S22,https://www.ionamoon.com/news
10,C5I sustainment bridge,70Z0G326FESD30002,Synergy,$31.6M; Mar 2026-Mar 2027; one bid,Maintenance and support for CG-C5I systems/applications,"Active application, DevSecOps, cyber, and workforce knowledge seam",Active,High,S19;S21,https://www.highergov.com/contract/75N98120D00084-70Z0G326FESD30002/; https://www.synergybis.com/customers/uscg/
11,Agile COMPASS STEW,Forecast F2026074167,Synergy incumbent,$50-100M; award Q1 FY2027; to Jan 2029,"Custom/legacy EIS design, development, optimization, audit mitigation",Concurrent procurement and application incident/security integration seam,Forecast,High,S20;S21,https://apfs-cloud.dhs.gov/record/74167/public-print/; https://www.synergybis.com/customers/uscg/
12,C5ISR engineering,N6523625F3024,Atlas Technologies,$220.9M; Sep 2025-Sep 2030; 234 estimated FTE,"Afloat/ashore C5ISR engineering, integration, testing, repair, training, sustainment",Maritime engineering and field-site boundary,Active,High,S17;S18,https://www.highergov.com/contract/N0017819D7193-N6523625F3024/; https://www.atlas-tech.com/atlas-tech-secures-strategic-contract-to-advance-u-s-coast-guard-mission-readiness/
13,PSSD,Forecast F2024066857,Public incumbent mapping says Patriot; verify,$10-20M stale 2025 forecast,"Application incident lifecycle, accounts, training, transition",Ticket/case flow and user-facing service desk,Watch,Medium,S36,https://www.highergov.com/contract-forecast/product-support-service-desk-pssd-1101195/
14,Microsoft Unified Support,RFQ1665832 historical MRAS,Award unresolved,Not resolved,Enterprise apps and systems; classified/unclassified OEM support,Microsoft platform escalation and classified-environment seam,Historical / watch,Medium,S37,https://www.highergov.com/contract-opportunity/dhs-coast-guard-microsoft-unified-support-serv-rfq1665832-o-dac04/
15,SANS training,SAM notice bd25c884fe254918b6a31d01a24c356b,Intended sole source,3-year ordering period,Certification and continuing education,Cyber workforce qualifications and retention seam,Active / watch,Medium,S38,https://sam.gov/opp/bd25c884fe254918b6a31d01a24c356b/view
16,BLMSS,Cancelled July 2025,Would have replaced TeleSolv + D&G support BPAs,$500M planned before cancellation,"Analytics, acquisition management, governance, cost, IT infrastructure support",Displaced support scope could reappear under IOM or DCS vehicles,Cancelled / risk,Medium,S16,https://www.washingtontechnology.com/contracts/2025/07/coast-guard-shuts-door-500m-logistics-recompete/406997/
17,DCS systems support,2026 forecast,Java Productions incumbent,> $100M; OASIS+ SB,"PM, analytics, transformation, architecture, logistics, governance",Parallel Force Design transformation and acquisition analytics seam,Forecast,Medium-high,S39,https://www.govconwire.com/articles/uscg-acquisition-forecast-100m-dcs-support
18,CACI CISA CDM DEFEND bridge,47QFRA24F0005,CACI,$1.2B CISA bridge; not Coast Guard IOM,Continuous Diagnostics and Mitigation DEFEND bridge,False incumbent mapping to discard,OSINT trap / not IOM,High,S42,https://www.usaspending.gov/award/CONT_AWD_47QFRA24F0005_4732_47QTCK18D0009_4732
