ID,Structure Domain,Hierarchy Path,Org Level,Org Code,Organization / Unit,Name / Public Node,Exact Public Role,Status Class,Status As Of,AA Relationship,Specific Application Arsenal Relevance,Authority / Engagement Posture,Public Email,Public Phone,Confidence,Primary Source URL,Secondary Source URL,Source Date,Validation / Caveat
1,NIWC PAC core hierarchy,NAVWAR > NIWC Pacific,Command,,NIWC Pacific,"CAPT Kris De Soto, USN",Commanding Officer,Current,2026-05-21,Executive / indirect,"Command authority, priorities, resources, and center accountability above the AA engineering organization.","Not an RFP contact; use only formal, permitted executive engagement.",,,A / High,https://www.dvidshub.net/news/565973/niwc-pacific-welcomes-de-soto-bids-farewell-mckenna,,2026-05-21,Supersedes CAPT Patrick McKenna; the NIWC homepage leadership module was stale during review.
2,NIWC PAC core hierarchy,NAVWAR > NIWC Pacific,Command,,NIWC Pacific,"CAPT Joseph Houser, USN",Executive Officer; second-in-command for day-to-day management,Current,2026-05-21,Executive / indirect,Operational command management and execution oversight; no published AA-specific assignment.,Not an RFP contact.,,,A / High,https://www.dvidshub.net/image/9702435/niwc-pacific-welcomes-de-soto-bids-farewell-mckenna,,2026-05-21,
3,NIWC PAC core hierarchy,NAVWAR > NIWC Pacific,Command,,NIWC Pacific,Michael “Spock” McMillan,Executive Director; senior civilian co-lead,Current,2026-05-21,Executive / indirect,"Senior civilian influence over strategy, workforce, resources, and technical-business direction across the center.",Not an RFP contact.,,,A / High,https://www.dvidshub.net/image/9702430/niwc-pacific-welcomes-de-soto-bids-farewell-mckenna,https://www.ndia-sd.org/wp-content/uploads/2026/05/NDIA-7-May-2026-Combined-video-embedded.pdf,2026-05-21,
4,NIWC PAC core hierarchy,NAVWAR > NIWC Pacific,Command technical leadership,,NIWC Pacific,Chris Raney,Deputy Executive Director and Technical Director,Dated / revalidate,2024-10-11,Technical governance,"Cross-center technical vision, engineering policy, and standards relevant to DevSecOps and systems integration.",Technical leadership; not an RFP contact.,,,B / Medium,https://www.dvidshub.net/podcast/618/next-level-podcast,,2024-10-11,"Status detail: Current-likely; revalidate. No successor found, but no 2025–26 explicit role confirmation located."
5,NIWC PAC core hierarchy,NAVWAR > NIWC Pacific,Command,,NIWC Pacific,MCIT Frank R. Flores II,Command Master Chief,Current,2026-05-21,Fleet/workforce / indirect,"Enlisted and Sailor perspective; indirect relevance to usability, training, and fleet adoption.",Not acquisition authority.,,,A / High,https://www.dvidshub.net/image/9702439/niwc-pacific-welcomes-de-soto-bids-farewell-mckenna,https://www.niwcpacific.navy.mil/Bob-P-TEST-Page/,2026-05-21,
6,NIWC PAC core hierarchy,NIWC Pacific > Office of the Chief Engineer,Center staff office,,Office of the Chief Engineer,Susan Lai,Acting Chief Engineer as of February 2026,Dated / revalidate,2026-02-11,Technical governance,"Center-level systems, software, service, digital engineering, open architecture, APIs, and user-centered design governance.",Technical authority context; not an RFP contact.,,,B / Medium-high,https://www.westconference.org/WEST26/Public/sessions.aspx?ID=116691&View=Sessions,https://www.niwcpacific.navy.mil/About/Office-of-the-Chief-Engineer/,2026-02-11,Status detail: Dated acting role. Acting designation was public in February; September incumbent remains unresolved and is represented separately below.
7,NIWC PAC core hierarchy,NIWC Pacific > Office of the Chief Engineer,Center staff office,,Office of the Chief Engineer,Public gap — September incumbent not identified,Chief Engineer,Public gap,2026-09-02,Technical governance,"Potentially material to AA architecture and engineering rigor, but the current named incumbent is not defensibly public.",Do not infer a person or direct solicitation authority.,,,A / High for office; gap for person,https://www.niwcpacific.navy.mil/About/Office-of-the-Chief-Engineer/,,Accessed 2026-09-02,Status detail: Current function / incumbent unresolved.
8,NIWC PAC core hierarchy,NIWC Pacific > Finance / Comptroller,Department,1.0 / 10000,Finance Department / Comptroller,Public gap — incumbent not identified,Comptroller / Finance Department head,Public gap,2026-09-02,Administrative / indirect,"Funding, audit, and financial controls; no named current head found.",Not a capture engagement target or RFP channel.,,,A / High for unit,https://www.ndia-sd.org/wp-content/uploads/2026/05/NDIA-7-May-2026-Combined-video-embedded.pdf,https://sam.gov/opp/88afa0891a314aa2ae6b0c68d9afff90/view,2026-05 / 2026,Status detail: Current function / incumbent unresolved.
9,NIWC PAC core hierarchy,NIWC Pacific > Inspector General,Center staff office,00I00,Inspector General,Public gap — incumbent not identified,Inspector General,Public gap,2026-09-02,Oversight / none,Oversight and reporting function; no direct AA capture relevance.,Not a capture engagement target.,,,A / High for office,https://www.niwcpacific.navy.mil/Contact/Inspector-General/,,Accessed 2026-09-02,Status detail: Current function / incumbent unresolved.
10,NIWC PAC core hierarchy,NIWC Pacific > Office of Counsel,Center staff office,,Office of Counsel,Public gap — chief counsel not identified,Chief Counsel / legal review,Public gap,2026-09-02,Legal / indirect,Procurement-integrity and legal review context; no named current chief found.,Not an engagement target for the active competition.,,,B / Medium for office,https://www.niwcpacific.navy.mil/About/,,Accessed 2026-09-02,Status detail: Current function / incumbent unresolved.
11,NIWC PAC acquisition,NIWC Pacific > Contracts,Department / function,,Contracts,Sharon M. Pritchard,Head of Contracts,Current,2026-08-31,Direct – procurement oversight,Senior NIWC Pacific contracting policy and portfolio lead; not listed as an AA RFP POC.,Do not route AA questions here unless the solicitation team redirects them.,sharon.m.pritchard.civ@us.navy.mil,619-553-4492,A / High,https://www.ndia-sd.org/wp-content/uploads/2026/05/NDIA-7-May-2026-Combined-video-embedded.pdf,https://sam.gov/opp/9b41ad1bb80c4c0185f42811866b291b/view,2026-05-07 / 2026-08-31,"Email/phone were published for the NIWC PAC CSO, not the AA RFP."
12,NIWC PAC acquisition,NIWC Pacific > Office of Small Business Programs / AA acquisition team,Advisory + solicitation POC,,OSBP / N66001-26-R-3507,Jose M. Neto,Acting OSBP / Small Business Professional (May 2026); secondary AA RFP POC,Current,2026-08-31,Direct – procurement,Published secondary POC for the active AA solicitation and small-business context.,Authorized secondary RFP contact; follow SAM/PIEE and final Section L.,jose.m.neto.civ@us.navy.mil,619-553-6415,A / High for RFP POC; B for OSBP title,https://sam.gov/opp/b97c5c5becf542398697517bff5e0be2/view,https://www.ndia-sd.org/wp-content/uploads/2026/05/NDIA-7-May-2026-Combined-video-embedded.pdf,2026-08-31 / 2026-05-07,Status detail: Current (RFP channel); OSBP title needs revalidation.
13,NIWC PAC industry interface,NIWC Pacific > Office of Small Business Programs,Advisory office,,OSBP,Nick Giacalone,"Deputy Director, NIWC Pacific Office of Small Business Programs",Dated / revalidate,2025-08-27,Industry interface / indirect,Permissible general industry and small-business engagement path; no published AA procurement authority.,Not a substitute for RFP Q&A.,,,B / Medium,https://www.dvidshub.net/news/546685/navwar-fosters-collaboration-and-engagement-with-small-business-2025-gold-coast-conference,,2025-08-27,Status detail: Current-recent; revalidate.
14,NIWC PAC public interface,NIWC Pacific > Corporate Communications,Center staff office,,Public Affairs,Darian L. Wilson,Corporate Communications and Public Affairs Director,Current,2026-05-21,Public information / indirect,"Public-information and media channel; not technical, program, or procurement authority.",Use only for public affairs / media requests.,darian.wilson.civ@us.navy.mil,619-306-8663,A / High,https://www.dvidshub.net/news/565973/niwc-pacific-welcomes-de-soto-bids-farewell-mckenna,,2026-05-21,
15,NIWC PAC public interface,NIWC Pacific > Corporate Operations > Protocol / Command Visits,Branch / office,85400,Protocol / Command Visits,Charissa Newkirk,Protocol Officer / Command Visits,Current,2026-09-02,Administrative access / none,Senior-visitor protocol and command-visit administration only.,Not a technical or procurement contact.,,619-553-2722,A / High,https://www.ndia-sd.org/event/niwc-pac-executive-networking-forum-september-2026/,https://www.niwcpacific.navy.mil/Connect/Visitors/,2026-09-02,
16,NIWC PAC public interface,NIWC Pacific > Visitor Center,Role mailbox,,Visitor Center,NIWC PAC Visit Request,Official visitor-access mailbox,Official channel,2026-09-02,Administrative access / none,Base-access administration; coordinate only after a Government host authorizes a visit.,Not an engagement or procurement channel.,niwc_pac_visitrequest@us.navy.mil,619-553-3203 option 3,A / High,https://www.niwcpacific.navy.mil/Connect/Visitors/,,Accessed 2026-09-02,Status detail: Role mailbox.
17,NIWC PAC public interface,NIWC Pacific,Role channel,,General Information,NIWC Pacific General Information,Public switchboard,Official channel,2026-09-02,Administrative / none,General routing only; no AA authority.,Not an RFP Q&A channel.,,619-553-2717,A / High,https://www.niwcpacific.navy.mil/contact/,,Accessed 2026-09-02,Status detail: Role channel.
18,AA chain & adjacent ecosystem,NIWC Pacific > Command & Control Department,Department,53,Command & Control Department,Scott Crellin,Command and Control Department Head,Current,2026-05-07,Direct – technical chain,Highest publicly named NIWC Pacific department leader above AA; the 2026 acquisition deck places the AA RFP in Department 53.,Technical/executive influence; not named solicitation authority.,,,A / High,https://www.ndia-sd.org/wp-content/uploads/2026/05/NDIA-7-May-2026-Combined-video-embedded.pdf,,2026-05-07,
19,AA chain & adjacent ecosystem,NIWC Pacific > Code 53 > Command and Control Systems Division,Division,532 / 53200,Command and Control Systems Division,John Barrie,"Division Head, Code 532",Current,2026-05-20,Direct – technical chain,"Closest publicly named current technical leader; the division portfolio explicitly includes AA, OSA, MAGIC, TAF, GALATEA/OPE, and related digital-ecosystem capabilities.",Technical division leader; not an authorized RFP contact unless an amendment says otherwise.,,,A / Very high,https://www.ndia-sd.org/wp-content/uploads/2026/06/532-Overview-Brief.pdf,https://www.ndia-sd.org/event/sb-committee-meeting-may-20/,2026-05-20,
20,AA chain & adjacent ecosystem,NIWC Pacific > Code 53 > Engineering staff,Department technical staff,53,Command & Control Department,"John Wood, PhD",Command and Control Department Lead Systems Engineer,Current,2026-07-22,Technical governance,Department-wide systems-engineering context; no public source ties him specifically to AA.,Technical-context contact; not an RFP decision-maker.,,,A for title; C for AA specificity,https://electrical.sdsu.edu/about/industry-advisory-board,https://www.linkedin.com/in/johnwoodphd,Page current 2026-07-22,
21,AA chain & adjacent ecosystem,Code 53200 > Navy Digital Ecosystem > Application Arsenal,Program / project,53200 functional; child code not public,Application Arsenal,Public gap — current AA Program Manager not identified,AA Program / Project Manager,Public gap,2026-09-02,Direct – technical chain,"Day-to-day Government program ownership would be highly material, but no current public source names the individual.","Do not infer from incumbent personnel, historical PMs, or adjacent programs.",,,A / High for gap,https://www.ndia-sd.org/wp-content/uploads/2026/06/532-Overview-Brief.pdf,https://sam.gov/opp/b97c5c5becf542398697517bff5e0be2/view,2026-05-20 / 2026-08-31,Status detail: Current function / incumbent unresolved.
22,AA chain & adjacent ecosystem,Code 53200 > Application Arsenal,Contract oversight,53200,Application Arsenal,Public gap — current AA COR not identified,Contracting Officer’s Representative,Public gap,2026-09-02,Direct – contract execution,"Current COR would govern post-award technical administration, but the public RFP record does not identify the person.",Do not infer or approach candidates as the COR.,,,A / High for gap,https://sam.gov/opp/b97c5c5becf542398697517bff5e0be2/view,,2026-08-31,Status detail: Current function / incumbent unresolved.
23,AA chain & adjacent ecosystem,Code 53200 > Navy Digital Ecosystem,Technical Capability Area,No public numeric child,Navy Digital Ecosystem,Public gap — TCA lead not published,"Functional TCA covering NRD&E, GALATEA/COSMOS, OSA, OPE, AA, MAGIC, TAF, SMIO, and UNACORN",Public gap,2026-05-20,Direct – technical chain,Current functional home for AA in the Code 532 overview.,Do not assign a numeric subcode or named lead without new evidence.,,,A / High,https://www.ndia-sd.org/wp-content/uploads/2026/06/532-Overview-Brief.pdf,,2026-05-20,Status detail: Current function / incumbent unresolved.
24,AA chain & adjacent ecosystem,Code 53200 > C2 Maritime System Lifecycle Engineering,Technical Capability Area,No public numeric child,C2 Maritime System Lifecycle Engineering,Public gap — TCA lead not published,Functional TCA covering MTC2 and other C2 systems,Public gap,2026-05-20,Adjacent interface,MTC2 and related OTA application-deployment work create a direct delivery/integration seam with AA.,Technical adjacency; no procurement authority inferred.,,,A / High,https://www.ndia-sd.org/wp-content/uploads/2026/06/532-Overview-Brief.pdf,,2026-05-20,Status detail: Current function / incumbent unresolved.
25,AA chain & adjacent ecosystem,Code 53200 > C2 Multi-Level Security Systems,Technical Capability Area,No public numeric child,C2 Multi-Level Security Systems,Public gap — TCA lead not published,"Functional TCA covering PDAS, NESA, and JCDX",Public gap,2026-05-20,Security / adjacent,Cross-domain and multi-level-security dependencies can constrain AA distribution and integration.,Technical adjacency; no procurement authority inferred.,,,A / High,https://www.ndia-sd.org/wp-content/uploads/2026/06/532-Overview-Brief.pdf,,2026-05-20,Status detail: Current function / incumbent unresolved.
26,AA chain & adjacent ecosystem,Code 53200 > Navy Digital Ecosystem > OSA,Role mailbox,53200 functional,Overmatch Software Armory,OSA Concierge,Official OSA information and onboarding mailbox,Official channel,2026-09-02,Direct – technical ecosystem,"Best current public team-level contact; OSA officially comprises OSA Tools, ACS, staging environments, and Application Arsenal.",Functional information contact only; not acquisition authority.,OSA_Concierge@us.navy.mil,,A / Very high,https://www.niwcpacific.navy.mil/Technology/Overmatch-Software-Armory/,,Accessed 2026-09-02,Status detail: Role mailbox.
27,AA chain & adjacent ecosystem,Code 53200 > ACS / Fleet Integration,Technical SME,532 functional,Agile Core Services,Johnathan Gorbea,NIWC Pacific IT specialist and Agile Core Services subject-matter expert,Dated / revalidate,2024-10-17,Direct – technical ecosystem,Publicly identified ACS expert for fleet training and implementation; ACS is a sibling/core dependency of AA within OSA.,Technical influencer; not an RFP channel.,,,A / High dated,https://www.dvidshub.net/news/483389/navwar-empowers-fleet-sailors-and-first-responders-with-custom-systems-training,,2024-10-17,Status detail: Dated role; revalidate.
28,AA chain & adjacent ecosystem,Code 53200 > C2 Maritime SLE > MTC2,Lead engineer,532 functional,Maritime Tactical Command and Control,Michael Lee,NIWC Pacific MTC2 Lead Engineer,Dated / revalidate,2024-03-14,Adjacent interface,Led adjacent over-the-air application deployment work with PMW 150/160; strong AA delivery-interface knowledge.,Technical influencer; not an RFP channel.,,,A / High dated,https://www.niwcpacific.navy.mil/Media/Press-Releases/Article-Display/Article/3707748/niwc-pacific-empowers-sailors-to-perform-first-sailor-capable-install/,,2024-03-14,Status detail: Dated role; revalidate.
29,AA chain & adjacent ecosystem,NIWC Pacific > Digital transformation / CSA lineage,Technical lead,,Digital Transformation / Collaborative Software Armory lineage,Garret Okamoto,NIWC Pacific digital transformation lead; public CSA demonstration lead,Historical,2019-05-20,Historical lineage,Public Government node in the automation and software-armory lineage that matured into OSA/ACS/AA.,Historical technical context only.,,,A / High historical,https://www.dvidshub.net/news/printable/321208,,2019-05-20,Status detail: Historical / lineage.
30,AA chain & adjacent ecosystem,Code 53200 > GALATEA / COSMOS,Project,53200 functional,COSMOS,Stephen Pease,"Project Manager, NIWC Pacific COSMOS",Current,2026-02-11,Adjacent technical ecosystem,COSMOS/GALATEA is in the current Navy Digital Ecosystem portfolio alongside AA and OSA.,Adjacent project lead; not AA procurement authority.,,,A / High,https://www.westconference.org/WEST26/Public/sessions.aspx?ID=116691&View=Sessions,,2026-02-11,
31,Code 532 lineage,Code 53 > Command and Control Systems Division,Division,532,Command and Control Systems Division,Chris Johnson,Former division head; led Collaborative Software Armory / OSA lineage,Historical,2024-03-14,Historical lineage,Direct OSA and division leadership continuity; superseded by John Barrie by May 2026.,Historical technical context only.,,,A / Very high historical,https://www.dair.nps.edu/bitstream/123456789/4857/1/SYM-AM-23-088.pdf,https://www.niwcpacific.navy.mil/Media/Press-Releases/Article-Display/Article/3707748/niwc-pacific-empowers-sailors-to-perform-first-sailor-capable-install/,2023-04-30 / 2024-03-14,Status detail: Historical / superseded.
32,Code 532 lineage,Code 53 > Code 532,Division staff,532,Command and Control Systems Division,David Jenkins,Deputy for Business Development; earlier Deputy for Project Development,Historical,2023-04-30,Historical technical ecosystem,Publicly discussed OSA IL6 cloud use and C2 software-system development.,Business-development title does not establish contracting authority.,,,A / High historical,https://www.dair.nps.edu/bitstream/123456789/4857/1/SYM-AM-23-088.pdf,https://www.navy.mil/DesktopModules/ArticleCS/Print.aspx?Article=2710817&ModuleId=523&PortalId=1,2023-04-30 / 2021-07-28,Status detail: Historical / last verified 2023.
33,Code 532 lineage,Code 532 > Navy Digital Ecosystem > OSA Tools,Project,532 functional,OSA Tools,Matt O’Neil,"Project Manager, Overmatch Software Armory Tools",Historical,2021-07-28,Historical technical ecosystem,Direct OSA toolchain; AA and ACS are sibling OSA components.,Historical technical context only.,,,A / High historical,https://www.dvidshub.net/image/6753882/navwar-launches-first-secret-level-devsecops-pipeline,,2021-07-28,Status detail: Historical / last verified 2021.
34,Code 532 lineage,Code 532 > CSA / MAGIC / Application Arsenal,Project management,532 functional,CSA / MAGIC / Application Arsenal,Johanna L. Flores,"Deputy Project Manager for Collaborative Software Armory, MAGIC, and Application Arsenal",Historical,2021-07-23,Historical – direct AA,Direct historical Government AA/OSA project-management continuity.,Historical context; not evidence of a current role.,,,A / High historical,https://www.dvidshub.net/image/6753882/navwar-launches-first-secret-level-devsecops-pipeline,https://nara.getarchive.net/media/supporting-a-diverse-navy-requires-a-diverse-workforce-75a7d8,2021-07-23 / 2020-06-29,
35,Code 532 lineage,Code 532 > Application Arsenal,Project management,532 functional,Application Arsenal,Bridget Lee,Former Deputy Project Manager to Senior Program Manager for Application Arsenal (self-reported),Historical,Profile accessed 2026-09,Historical – direct AA,Direct historical AA project-management experience.,Secondary/self-reported evidence; not a current Government POC.,,,B / Medium,https://www.linkedin.com/in/bridgetrushton,,Accessed 2026-09,Do not treat as current Government authority.
36,Code 532 lineage,SSC Pacific > Command & Intelligence Division,Historical division,53210 (historical only),Command and Intelligence Division,Ron Lambrecht,"Deputy for Program Development, SSC Pacific Code 532",Historical,2011,Historical C2/CANES antecedent,C2RPC/CANES modernization antecedent; no direct AA claim.,Historical only; do not map 53210 onto the current Code 53200 organization.,,,A / High historical,https://dair.nps.edu/bitstream/123456789/497/1/SYM-AM-11-095.pdf,https://www.dodccrp.org/events/16th_iccrts_2011/papers/033.pdf,2011,
37,NIWC PAC deep-code map,Code 53 > Enterprise Engineering / T&E / Certification,Division / competency,531,"Enterprise Engineering, Test, Evaluation, and Certification competency",Public gap — leader/currentness not established,Division / competency lead,Forecast / dated,Workbook metadata 2023,Adjacent technical interface,"Cross-system engineering, test, IV&V, and certification can affect AA integration and acceptance.",Forecast structure only; no person or AA authority inferred.,,,B / Medium,https://www.navwar.navy.mil/Portals/93/Images/Documents/NAVWAR_LRAE_Report.xlsx?ver=3bKfCbGtYWA36Jvgb1i6Qw%3D%3D,,Workbook metadata dated 2023,"Status detail: Dated forecast function / incumbent unresolved. Downloaded in 2026, but the workbook metadata is dated; not a current org chart."
38,NIWC PAC deep-code map,Code 53 > Business / Enterprise Systems,Division,534,Business / Enterprise Systems lineage,Public gap — leader/currentness not established,Division lead,Forecast / dated,Workbook metadata 2023,Low AA adjacency,Enterprise/business systems code appears in a dated forecast workbook; no direct AA ownership evidenced.,Do not infer a current title or leader beyond the dated code.,,,B / Medium,https://www.navwar.navy.mil/Portals/93/Images/Documents/NAVWAR_LRAE_Report.xlsx?ver=3bKfCbGtYWA36Jvgb1i6Qw%3D%3D,,Workbook metadata dated 2023,Status detail: Dated forecast function / incumbent unresolved.
39,NIWC PAC deep-code map,Code 53 > Tactical Systems Integration & Interoperability,Division,535,Tactical Systems Integration & Interoperability,Public gap — leader/currentness not established,Division lead,Forecast / dated,Workbook metadata 2023,Adjacent technical interface,"Data links, testing, integration, and interoperability are downstream/adjacent seams for AA-delivered applications.",Dated forecast structure; no AA authority inferred.,,,B / Medium,https://www.navwar.navy.mil/Portals/93/Images/Documents/NAVWAR_LRAE_Report.xlsx?ver=3bKfCbGtYWA36Jvgb1i6Qw%3D%3D,,Workbook metadata dated 2023,Status detail: Dated forecast function / incumbent unresolved.
40,NIWC PAC deep-code map,Code 53 > Code 535 > Command and Control Processor,Branch / unit,53523,Command and Control Processor software engineering,Public gap — lead/currentness not established,Branch / unit lead,Forecast / dated,Workbook metadata 2023,Adjacent technical interface,"Deep numbered C2 subunit found in the dated LRAE outside 532; adjacent tactical C2 software environment, not AA owner.",Dated forecast structure; validate against a live action.,,,A for dated code; currentness unverified,https://www.navwar.navy.mil/Portals/93/Images/Documents/NAVWAR_LRAE_Report.xlsx?ver=3bKfCbGtYWA36Jvgb1i6Qw%3D%3D,,Workbook metadata dated 2023,Status detail: Dated forecast function / incumbent unresolved.
41,NIWC PAC deep-code map,Code 53 > C2 Technology & Experimentation,Division,536,C2 Technology & Experimentation lineage,Public gap — leader/currentness not established,Division lead,Forecast / dated,Workbook metadata 2023,Adjacent technical interface,"Command-center design, engineering, and experimentation are adjacent to AA operational environments.","Do not infer a current title, reporting line, or AA authority.",,,B / Medium,https://www.navwar.navy.mil/Portals/93/Images/Documents/NAVWAR_LRAE_Report.xlsx?ver=3bKfCbGtYWA36Jvgb1i6Qw%3D%3D,,Workbook metadata dated 2023,Status detail: Dated forecast function / incumbent unresolved.
42,NIWC PAC deep-code map,NIWC Pacific > FIELD,Department,40,"Fleet Installation, Engineering and Logistics",Public gap — current department head not identified,FIELD Department Head,Public gap,2026-09-02,Fleet deployment / adjacent,"Installation, in-service engineering, logistics, and sustainment are critical downstream interfaces for AA deployment.",Not an RFP channel.,,,A / High for unit,https://www.niwcpacific.navy.mil/About/Departments/Fleet-Installation-Engineering-and-Logistics/,https://www.ndia-sd.org/wp-content/uploads/2026/05/NDIA-7-May-2026-Combined-video-embedded.pdf,2026-05 / accessed 2026-09-02,Status detail: Current function / incumbent unresolved.
43,NIWC PAC deep-code map,Code 40 > Fleet Modernization & Installation,Division / unit,42100,Fleet Modernization & Installation,Public gap — leader not identified,Division / unit lead,Forecast / dated,2025,Fleet deployment / adjacent,Fleet modernization and installation interface for AA-hosted capabilities.,Structure only; no AA authority inferred.,,,B / Medium-high,https://www.navwar.navy.mil/Portals/93/Images/Documents/NAVWAR_LRAE_Report.xlsx?ver=3bKfCbGtYWA36Jvgb1i6Qw%3D%3D,,2025 forecast,Status detail: Current forecast function / incumbent unresolved.
44,NIWC PAC deep-code map,Code 40 > 42100 > Product & Systems Production,Branch,42150,Product & Systems Production Branch / NIEF,Public gap — branch lead not identified,Branch lead,Public gap,2025-05,Fleet deployment / adjacent,"Production, PITCO/GAT, and NIEF work are adjacent to CANES/AA installation and integration.",Structure only; not AA procurement authority.,,,A / High,https://sam.gov/opp/b7b6bdc8d54c4328b26df24948ce6371/view,,2025-04/05,Status detail: Current function / incumbent unresolved.
45,NIWC PAC deep-code map,Code 40 > Systems Support & Logistics,Division / unit,431,Systems Support & Logistics,Public gap — current leader not identified,Division / unit lead,Public gap,2020,Fleet sustainment / adjacent,Parent structure for the restoration/sustainment branch that supports fleet hardware environments adjacent to AA.,Dated structure only; no current leader or AA authority inferred.,,,A for dated code; currentness unverified,https://sam.gov/opp/613111b2abac4afb850f68bbbda474c5/view,,2020,Status detail: Dated structure / incumbent unresolved.
46,NIWC PAC deep-code map,Code 40 > Systems Support & Logistics > Restoration Branch,Branch / laboratory,43140,Restoration Branch / RESTORE Lab,Ray Provost,RESTORE Lab Director,Dated / revalidate,2025-06-24,Fleet sustainment / adjacent,Hardware restoration and sustainment adjacency; no direct AA role.,Adjacent technical contact; not AA procurement authority.,,,A for role; B for code mapping,https://www.niwcpacific.navy.mil/Media/Press-Releases/Article/4224215/niwc-pacific-teams-enhance-joint-capabilities-at-balikatan-2025/,https://sam.gov/opp/613111b2abac4afb850f68bbbda474c5/view,2025-06-24 / 2020,Status detail: Current-recent.
47,NIWC PAC deep-code map,NIWC Pacific > Communications & Networks,Department,55,Communications and Networks,No permanent head publicly named,C&N Department Head,Public gap,2026-07-17,CANES/network adjacency,"Owns communications, tactical and enterprise networks, and PNT capabilities that form upstream/downstream interfaces to CANES and AA.",Do not treat a former head or applicant as current.,,,A / High for vacancy,https://www.usajobs.gov/job/875297200,https://www.niwcpacific.navy.mil/About/Departments/Communications-and-Networks/,Position advertised 2026-07-02 to 2026-07-17,Status detail: Vacancy / selection not public.
48,NIWC PAC deep-code map,Code 55 > Tactical Networks Division,Division,551,Tactical Networks Division,Michael Winslow,Historical Tactical Networks Division Head,Historical,2018,CANES/network adjacency,Historical tactical-network leadership; WEST 2026 lists him as a FIELD engagement representative but not as current 551 head.,Do not present as current division head.,,,A / High historical,https://www.ndia-sd.org/wp-content/uploads/2018/01/NDIA-Luncheon-Jan-2018_Hartzog_FINALv2_web.pdf,https://www.westconference.org/WEST26/Public/sessions.aspx?ID=116691&View=Sessions,2018 / 2026-02,
49,NIWC PAC deep-code map,Code 55 > 551 > Afloat Network Design & Architecture,Branch,55130,Afloat Network Design & Architecture,Public gap — branch lead not identified,Branch lead,Public gap,2019,CANES/network adjacency,Afloat network architecture is an upstream host-environment dependency for AA.,Historical/datetime-limited structure; no current leader inferred.,,,B / Medium-high dated,https://www.highergov.com/contract-opportunity/afloat-network-design-architecture-network-test-in-n66001-19-r-0036-p-0336d/,,2019,Status detail: Dated structure / incumbent unresolved.
50,NIWC PAC deep-code map,Code 55 > 551 > Network Test & Integration,Branch,55190,Network Test & Integration,Public gap — branch lead not identified,Branch lead,Public gap,2019,CANES/network adjacency,Network test and integration are direct host-environment seams for AA-delivered software.,Historical/datetime-limited structure; no current leader inferred.,,,B / Medium-high dated,https://www.highergov.com/contract-opportunity/afloat-network-design-architecture-network-test-in-n66001-19-r-0036-p-0336d/,,2019,Status detail: Dated structure / incumbent unresolved.
51,NIWC PAC deep-code map,Code 55 > Communications Division,Division,552,Communications Division,Phillip Juarez,Historical Communications Division Head,Historical,2018,Network adjacency,Historical division leadership; no direct AA role.,Historical only.,,,A / High historical,https://www.ndia-sd.org/wp-content/uploads/2018/01/NDIA-Luncheon-Jan-2018_Hartzog_FINALv2_web.pdf,,2018,
52,NIWC PAC deep-code map,Code 55 > 552 > Software Defined Radios,Branch,55260,Software Defined Radios Branch,William J. Brickner Jr.,Historical Branch Head,Historical,2019,Low AA adjacency,Radio/networking lineage only; no direct AA role.,Historical only.,,,A / High historical,https://www.jtnc.mil/About/Leadership/Bio-Article-View/Article/2176691/mr-william-j-brickner-jr/,,2019,
53,NIWC PAC deep-code map,Code 55 > Enterprise Communications & Networks Division,Division,553,Enterprise Communications & Networks Division,Public gap — current division head not identified,Division Head,Public gap,2026,Enterprise network adjacency,Enterprise network engineering and services may support shore/enterprise interfaces to AA and OSA.,"Current procurement proves structure, not current leader.",,,A / High for unit,https://sam.gov/workspace/contract/opp/f6faec7233fa475dba6ee9f89499ddf0/view,,2025–2026,Status detail: Current function / incumbent unresolved.
54,NIWC PAC deep-code map,Code 55 > Enterprise Communications & Networks Division,Historical division leadership,553,Enterprise Communications & Networks Division,Clark Hendrickson,Historical Enterprise Communications & Networks Division Head,Historical,2018,Enterprise network adjacency,Historical Code 553 leadership; included for parity with the same-source 551 and 552 lineage.,Historical only; do not present as current.,,,A / High historical,https://www.ndia-sd.org/wp-content/uploads/2018/01/NDIA-Luncheon-Jan-2018_Hartzog_FINALv2_web.pdf,,2018,
55,NIWC PAC deep-code map,Code 55 > 553 > Technical Staff,Technical staff code,55306,Enterprise C&N Technical Staff,Public gap — lead not identified,Technical staff lead,Public gap,2026,Enterprise network adjacency,Division technical governance; indirect AA relevance.,No person or AA authority inferred.,,,A / High for unit,https://sam.gov/workspace/contract/opp/f6faec7233fa475dba6ee9f89499ddf0/view,,2025–2026,Status detail: Current function / incumbent unresolved.
56,NIWC PAC deep-code map,Code 55 > 553 > Wireless Communications,Branch,55310,Wireless Communications Branch,Public gap — branch head not identified,Branch Head,Public gap,2026,Communications adjacency,Wireless transport is a potential constrained-distribution dependency for tactical-edge software delivery.,No person or AA authority inferred.,,,A / High for unit,https://sam.gov/workspace/contract/opp/f490ecc547b84209b15172a68af685e6/view,,2025–2026,Status detail: Current function / incumbent unresolved.
57,NIWC PAC deep-code map,Code 55 > 553 > Enterprise Network Solutions,Branch,55321,Enterprise Network Solutions,Public gap — branch lead not identified,Branch lead,Public gap,2026,Enterprise network adjacency,Enterprise network solution architecture; indirect interface to OSA/AA.,No person or AA authority inferred.,,,A / High for unit,https://sam.gov/workspace/contract/opp/f6faec7233fa475dba6ee9f89499ddf0/view,,2025–2026,Status detail: Current function / incumbent unresolved.
58,NIWC PAC deep-code map,Code 55 > 553 > Enterprise Technology Solutions,Branch,55322,Enterprise Technology Solutions,Public gap — branch lead not identified,Branch lead,Public gap,2026,Enterprise technology adjacency,Enterprise technology implementation; indirect interface to OSA/AA.,No person or AA authority inferred.,,,A / High for unit,https://sam.gov/workspace/contract/opp/f6faec7233fa475dba6ee9f89499ddf0/view,,2025–2026,Status detail: Current function / incumbent unresolved.
59,NIWC PAC deep-code map,Code 55 > 553 > Enterprise Network Services,Branch,55323,Enterprise Network Services,Public gap — branch lead not identified,Branch lead,Public gap,2026,Enterprise network adjacency,Enterprise network service operations; indirect interface to OSA/AA.,No person or AA authority inferred.,,,A / High for unit,https://sam.gov/workspace/contract/opp/f6faec7233fa475dba6ee9f89499ddf0/view,,2025–2026,Status detail: Current function / incumbent unresolved.
60,NIWC PAC deep-code map,Code 55 > 553 > Mobile Systems Engineering & Solutions,Branch,55340,Mobile Systems Engineering & Solutions,Michael A. August,Publicly identified Code 55340 engineer; not verified as branch head,Dated / revalidate,2021–2022,Communications adjacency,Mobile systems engineering context; no direct AA role.,Do not elevate to branch head without new evidence.,,,B / Medium,https://lists.spdx.org/g/Spdx-legal/messages?expanded=1&msgnum=3088,,2021–2022,Status detail: Dated role.
61,NIWC PAC deep-code map,Code 55 > 553 > Advanced Photonic Technologies,Branch,55360,Advanced Photonic Technologies Branch,Sarah Lauff,Historical Branch Head,Historical,2017-12,None / remote adjacency,Deep-code validation; no material AA role.,Historical only.,,,A / High historical,https://www.academia.edu/98691186/Implementation_and_Testing_of_the_JANUS_Standard_with_SSC_Pacifics_Software_Defined_Acoustic_Modem,,2017-12,
62,NIWC PAC deep-code map,"NIWC Pacific > Intelligence, Surveillance & Reconnaissance",Department,56 / 56000,ISR Department,Nicole Stone,"Intelligence, Surveillance and Reconnaissance Department Head",Dated / revalidate,Since 2023-11,Adjacent mission/data interface,"ISR data, applications, and mission systems can be producers/consumers of AA-delivered software.",Department leadership; not an RFP channel.,,,B / Medium,https://www.linkedin.com/in/nicole-stone-a4155121a,https://www.dvidshub.net/news/printable/457727,Current profile / 2023 corroboration,Status detail: Current-likely; self-reported.
63,NIWC PAC deep-code map,Code 56 > ISR Science & Technology,Department S&T leadership,56,ISR Department,"Katie Rainey, PhD","Director of Science and Technology, ISR Department",Current,2026-02-10,Adjacent data/AI interface,"AI/ML and data-science leadership may influence future application workloads and assurance, but no direct AA ownership is public.",Technical influencer; not an RFP channel.,,,A / High,https://www.westconference.org/WEST26/Public/sessions.aspx?ID=116691&View=Sessions,https://www.afcea.org/signal-media/naval-applications-machine-learning-workshop-advances-ai-adoption,2026-02-10,
64,NIWC PAC deep-code map,Code 56 > division 561 unresolved > IO Support to National Security,Historical branch,56120,IO Support to National Security Branch,Public gap — historical branch lead not identified,Branch lead,Historical,Public-release technical report,Mission software / low adjacency,"Historical ISR software/embedded-computing branch; included for deepest-code completeness, not as a current AA node.",Historical structure only.,,,A for historical code; currentness unresolved,https://scispace.com/pdf/convolutional-neural-network-on-embedded-linux-trademark-30632opybn.pdf,,Historical public-release report,Status detail: Historical structure / currentness unresolved.
65,NIWC PAC deep-code map,Code 56 > division 561 unresolved > Mission Systems Engineering,Historical branch,56170,Mission Systems Engineering Branch,Public gap — historical branch lead not identified,Branch lead,Historical,2017-12,Mission software / low adjacency,Historical mission-systems engineering structure; no direct AA ownership.,Historical structure only.,,,A / High historical,https://www.academia.edu/98691186/Implementation_and_Testing_of_the_JANUS_Standard_with_SSC_Pacifics_Software_Defined_Acoustic_Modem,,2017-12,Status detail: Historical structure / currentness unresolved.
66,NIWC PAC deep-code map,Code 56 > ISR Division,Historical division,56200,ISR Division,C. A. Wilgenbusch,Historical ISR Division Head,Historical,2014-12,ISR/data adjacency,Historical parent division for several deep ISR branches; no direct AA authority.,Historical only.,,,A / High historical,https://www.studocu.vn/vn/document/royal-melbourne-institute-of-technology-vietnam/engineering-science/ly-thuyet-ma-cuc-2-ly-thuyet-ma-cuc/110340291,,2014-12,
67,NIWC PAC deep-code map,Code 56 > 56200 > Advanced Analysis Systems,Historical branch,56220,Advanced Analysis Systems Branch,Heidi L. Buck,AIA/BEMR technical lead; not confirmed as branch head,Historical,2016-10,Analytics / adjacent,Historical advanced-analysis capability; no direct AA ownership.,Do not elevate to branch head or current authority.,,,B / Medium historical,https://evonexus.org/virtual-reality-beyond-the-hype/,,2016-10,Status detail: Historical / dated.
68,NIWC PAC deep-code map,Code 56 > 56200 > Intelligence Collection Tools,Historical branch,56250,Intelligence Collection Tools Branch,Public gap — historical branch lead not identified,Branch lead,Historical,Dated procurement lineage,C2/ISR software adjacency,"Historical software-development branch tied to C2RPC, CTM, PMW 150, and CANES environments; no current AA ownership.",Historical structure only.,,,B / Medium historical,https://www.moesol.com/copy-of-phoenix-1,,Dated procurement synopsis,Status detail: Historical structure / currentness unresolved.
69,NIWC PAC deep-code map,Code 56 > 56200 > Space Systems,Historical branch,56270,Space Systems Branch,Austin M. Mroczek,Historical Space Systems Branch Head,Historical,2014,Space/ISR adjacency,Deep-code lineage only; the current RPED role is represented separately and must not be mapped to 56270.,Historical only.,,,A / High historical,https://www.studocu.vn/vn/document/royal-melbourne-institute-of-technology-vietnam/engineering-science/ly-thuyet-ma-cuc-2-ly-thuyet-ma-cuc/110340291,,2014,
70,NIWC PAC innovation interface,"NIWC Pacific > Rapid Prototyping, Experimentation & Demonstration",Center innovation lead,Code not public in 2026 source,"Rapid Prototyping, Experimentation & Demonstration",Austin M. Mroczek,NIWC Pacific RPED Lead,Current,2026-05-07,Innovation / adjacent,Rapid prototyping and experimentation may feed technologies toward production pathways; no direct AA ownership.,Innovation contact; not an RFP channel.,austin.j.mroczek2.civ@us.navy.mil,,A / High,https://www.ndia-sd.org/wp-content/uploads/2026/05/NDIA-7-May-2026-Combined-video-embedded.pdf,,2026-05-07,Do not map this current role to historical Code 56270.
71,NIWC PAC deep-code map,Code 56 > Maritime Systems / Autonomous Technologies,Division,56400 lineage,Autonomous Technologies Division,Spencer Koroly,"Project Manager, Autonomous Technologies Division",Dated / revalidate,2024-10,Adjacent mission software,Autonomy software and tactical integration may use shared deployment/integration patterns; no direct AA ownership.,Adjacent technical contact.,,,B / Medium dated,https://www.dvidshub.net/video/941624/next-level-podcast-episode-3,https://sam.gov/opp/38353d270a4b681e6230bd48614648e2/view,2024-10 / dated code lineage,Status detail: Dated role; revalidate.
72,NIWC PAC deep-code map,Code 56 > 56400 > Littoral Engineering,Branch,56430,Littoral Engineering Branch,Cheryl Ann Cooke,ESTCP project point of contact; not verified as branch head,Dated / revalidate,2023-05,Low AA adjacency,Deep-code validation; no direct AA role.,Project POC only; do not infer branch leadership.,,,A for code; B for currentness,https://s3.us-gov-west-1.amazonaws.com/sepub-demo-0001-124733793621-us-gov-west-1/s3fs-public/2023-05%2FRC-201704%20Final%20Report.pdf,,2023-05,Status detail: Dated role.
73,NIWC PAC deep-code map,Code 56 > Reconnaissance & Interdiction Division,Division,56700,Reconnaissance & Interdiction Division,Mark Xitco,Division Head,Dated / revalidate,2023-09,None / remote adjacency,Deep-code validation; no material AA role identified.,Not an AA engagement target.,,,A / High dated,https://www.navymarinespeciesmonitoring.us/index.php/download_file/view/3083/,,2023-09,Status detail: Dated role; revalidate.
74,NIWC PAC deep-code map,Code 56 > 56700 > Environmental Readiness,Branch,56720,Environmental Readiness Branch,Public gap — branch head not identified,Branch Head,Public gap,2023-09,None,Deep-code validation only.,No AA relevance established.,,,A / High for code,https://www.navymarinespeciesmonitoring.us/index.php/download_file/view/3083/,,2023-09,Status detail: Dated structure / incumbent unresolved.
75,NIWC PAC deep-code map,NIWC Pacific > Cyber / Science & Technology,Department,70,Cyber/S&T Department,Carly Jackson,Cyber/S&T Department Head; dual-hatted NAVWAR CTO (self-reported current),Dated / revalidate,2026,Cyber/technical governance,"Cyber, software assurance, and S&T influence the security context for AA and OSA.",Technical leader; not an RFP channel.,,,B / Medium,https://www.linkedin.com/in/carly-jackson-8074804,https://www.linkedin.com/posts/navwar_niwcpacific-oceans2021-navwar-activity-6849489810462187520-a5NZ,Current profile / older official corroboration,Status detail: Current-likely; revalidate.
76,NIWC PAC deep-code map,NIWC Pacific > Cyber / Science & Technology,Deputy department leadership,70,Cyber/S&T Department,Mark Berry,"Deputy Department Head, Cyber Science and Technology Department",Dated / revalidate,2026-09,Cyber/technical governance,Cyber S&T and assurance adjacency; no direct AA ownership public.,Technical influencer; not an RFP channel.,,,B / Medium,https://www.linkedin.com/in/mark-berry-59603112,,Profile accessed 2026-09,Status detail: Current-likely; self-reported.
77,NIWC PAC deep-code map,Code 70 > Basic & Applied Research Division,Division,71700,Basic & Applied Research Division,John deGrassie,Historical Division Head,Historical,circa 2022,Low AA adjacency,Deep-code lineage; no direct AA role.,Historical only.,,,A / High historical,https://www.researchgate.net/publication/397844112_Biological_Brain_Microtubules_Interfaced_with_Semiconductor_Qubits,,circa 2022,
78,NIWC PAC deep-code map,Code 70 > 717 > Unmanned Systems S&T,Branch,71710,Unmanned Systems Science & Technology Branch,Public gap — branch head not identified,Branch Head,Historical,2017-12,Low AA adjacency,Possible software-delivery consumer; no direct AA ownership.,Do not present as current without refreshed evidence.,,,A / High historical,https://www.academia.edu/98691186/Implementation_and_Testing_of_the_JANUS_Standard_with_SSC_Pacifics_Software_Defined_Acoustic_Modem,,2017-12,Status detail: Historical structure / currentness unresolved.
79,NIWC PAC deep-code map,Code 70 > 717 > Advanced Concepts & Applied Research,Branch,71730,Advanced Concepts & Applied Research Branch,Public gap — branch head not identified,Branch Head,Historical,2017-12,Innovation / low adjacency,Potential upstream innovation feeder; no direct AA ownership.,Do not present as current without refreshed evidence.,,,A / High historical,https://www.academia.edu/98691186/Implementation_and_Testing_of_the_JANUS_Standard_with_SSC_Pacifics_Software_Defined_Acoustic_Modem,,2017-12,Status detail: Historical structure / currentness unresolved.
80,NIWC PAC deep-code map,Code 70 > 717 > Environmental Sciences & Applied Systems,Historical branch,71751,Environmental Sciences and Applied Systems,Gunther Rosen,Historical SSC Pacific technology representative,Historical,2012-05-16,None / remote adjacency,Deep-code and historical POC completeness; no material AA role.,Historical only; do not treat the dated email as a current engagement channel.,gunther.rosen@navy.mil,,A / High historical,https://nepis.epa.gov/Exe/ZyPURL.cgi?Dockey=P100FBJ8.TXT,,2012-05-16,
81,NIWC PAC deep-code map,Cyber/S&T > Cryogenic Electronics & Quantum Research,Branch,Code unresolved,Cryogenic Electronics and Quantum Research Branch,Joanna Ptasinski,Branch Head,Dated / revalidate,2025-11-17,None / remote adjacency,Current named branch leader without a discoverable numeric code; included to preserve org-depth accuracy.,No AA relevance established.,,,A for role; gap for code,https://www.niwcpacific.navy.mil/Media/Press-Releases/Article/4333885/niwc-pacific-advances-work-on-quantum-enhanced-fiber-optic-gyroscopes/,,2025-11-17,Status detail: Current-recent.
82,NIWC PAC deep-code map,NIWC Pacific > Cyber/S&T > Joint Tactical Communications,Branch,70 lineage; numeric child not public,Joint Tactical Communications Branch,Mike Anderson,Branch Head,Dated / revalidate,2025-09-10,Tactical communications adjacency,Secure/open-source tactical 5G and network-defense work may affect future AA transport environments.,Technical branch lead; not an AA RFP contact.,,,A / High,https://www.dvidshub.net/news/547732/operation-shoehorn-securing-5g-for-tactical-advantage,,2025-09-10,Status detail: Current-recent.
83,NIWC PAC deep-code map,NIWC Pacific > ISR,Branch,Numeric child not public,ISR Department branch,Anson Brune,"Mechanical Engineer and Branch Head, ISR Department",Dated / revalidate,2025,Low AA adjacency,Named current branch-level Government node; no AA-specific role public.,Technical context only.,,,B / Medium-high,https://www.dvidshub.net/podcast/618/next-level-podcast,,2025 podcast listing,Status detail: Current-recent.
84,NIWC PAC deep-code map,NIWC Pacific > Corporate Operations,Department,80 / 80000,Corporate Operations Department,Public gap — current department head not identified,Corporate Operations Department Head,Public gap,2026-09-02,Administrative / indirect,Center business operations; no direct AA technical ownership.,Not an AA engagement target.,,,A / High for unit,https://www.ndia-sd.org/wp-content/uploads/2026/05/NDIA-7-May-2026-Combined-video-embedded.pdf,,2026-05-07,Status detail: Current function / incumbent unresolved.
85,NIWC PAC deep-code map,Corporate Operations > Information Technology Management,Function,8.2,Information Technology Management,Public gap — functional lead not identified,IT Management lead,Forecast / dated,2023 metadata,Enterprise IT / indirect,Center IT services context; not AA program ownership.,Forecast structure only.,,,A for code; gap for person,https://www.navwar.navy.mil/Portals/93/Images/Documents/NAVWAR_LRAE_Report.xlsx?ver=3bKfCbGtYWA36Jvgb1i6Qw%3D%3D,,Workbook metadata dated 2023,Status detail: Dated forecast function / incumbent unresolved.
86,NIWC PAC deep-code map,NIWC Pacific > Indo-Pacific Department,Department,H,Indo-Pacific Department,Public gap — current department head not identified,Indo-Pacific Department Head,Public gap,2026-09-02,Fleet/geographic interface,"Forward engineering, installation, testing, and operations support in Hawaii, Japan, and Guam; material deployment geography for AA.",Not an RFP channel.,,,A / High for unit,https://www.niwcpacific.navy.mil/About/Departments/Indo-Pacific/,https://www.niwcpacific.navy.mil/About/Business-Portfolios/,Accessed 2026-09-02,Status detail: Current function / incumbent unresolved.
87,NIWC PAC deep-code map,Indo-Pacific Department > C2 and Networks Division,Division,Not public,C2 and Networks Division,Eric Inouye,Division Head,Dated / revalidate,2023-05,Fleet/geographic interface,Forward C2/network engineering and operations are relevant to OCONUS AA deployment environments.,No current AA authority inferred.,,,A / High dated,https://www.niwcpacific.navy.mil/Media/Press-Releases/Article-Display/Article/3403227/niwc-atlantic-and-niwc-pacific-collaborate-with-university-of-hawaii-to-create/,,2023-05,Status detail: Dated role; revalidate.
88,NIWC PAC deep-code map,Indo-Pacific Department > Guam Activity,Detachment / activity,H lineage,NIWC Pacific Guam,LCDR Ryan Maas,Officer in Charge as of July 2024,Dated / revalidate,2024-07-12,Fleet/geographic interface,Forward Guam engineering and operational support; potential OCONUS deployment stakeholder.,Not an RFP channel.,,,B / Medium-high dated,https://www.dvidshub.net/news/476354/niwc-pacific-conducts-change-charge-guam,,2024-07-12,"Status detail: Dated role; revalidate. No successor was found, but the 2024 role was not treated as current."
89,NIWC PAC deep-code map,NIWC Pacific > International Cooperation Office,Center office,72100 (dated),International Cooperation Office / Technology Partnership Office,Paul R. Shigley,"Director, ICO/TPO",Historical,2020,International / none,International cooperation and technology-partnership context; no direct AA role.,Historical contact; do not assume current assignment.,paul.shigley@navy.mil,,A / High historical,https://arcticdomainawarenesscenter.org/Downloads/ICE-PPR/NAVWAR%20ICO%20brief%202020.pdf,,2020,Status detail: Historical / dated.
90,NIWC PAC deep-code map,NIWC Pacific > International Cooperation Office,Center office,72100 (dated),International Cooperation Office,Shirley D. Pacheco,Deputy Director,Historical,2020,International / none,International cooperation context; no direct AA role.,Historical contact; do not assume current assignment.,shirley.pacheco@navy.mil,,A / High historical,https://arcticdomainawarenesscenter.org/Downloads/ICE-PPR/NAVWAR%20ICO%20brief%202020.pdf,,2020,Status detail: Historical / dated.
91,NIWC PAC deep-code map,NIWC Pacific > International Cooperation Office,Center office,72100 (dated),International Cooperation Office,Michael Morgan,FCT / STAIRS Program Manager,Historical,2020,International / none,International technology-program context; no direct AA role.,Historical contact; do not assume current assignment.,michael.morgan@navy.mil,,A / High historical,https://arcticdomainawarenesscenter.org/Downloads/ICE-PPR/NAVWAR%20ICO%20brief%202020.pdf,,2020,Status detail: Historical / dated.
92,NIWC PAC acquisition,NIWC Pacific > Contracts > N66001-26-R-3507,Solicitation team,,Application Arsenal RFP,Corbin C. Walters,Contract Specialist; primary AA RFP POC,Current,2026-08-31,Direct – procurement,Primary published procurement channel for the active Application Arsenal competition.,Authorized primary RFP contact; include SeaPort contract number and follow SAM/PIEE / final Section L.,corbin.c.walters.civ@us.navy.mil,619-553-4741,A / Very high,https://sam.gov/opp/b97c5c5becf542398697517bff5e0be2/view,https://www.highergov.com/contract-opportunity/market-survey-for-software-engineering-services-n66001-26-r-3507-r-b1b6b/,2026-08-31,Status detail: Current (RFP channel).
93,NIWC PAC acquisition,NIWC Pacific > Contracts > Code 532 forecast / current CSO,Contracting POC,532 forecast,Code 532 acquisition portfolio,Richard “Lee” Anderson,LRAE contracting POC; current NIWC PAC CSO AOI POC,Dated / revalidate,2026-08-31,ACS / adjacent procurement,Forecast POC for DCGS-N Increment 2 and ACS engineering; adjacent to AA but not its solicitation channel.,Use only for the specific live action/CSO; not AA RFP Q&A.,richard.l.anderson4.civ@us.navy.mil,858-978-7699,A for identity; B for forecast mapping,https://www.navwar.navy.mil/Portals/93/Images/Documents/NAVWAR_LRAE_Report.xlsx?ver=3bKfCbGtYWA36Jvgb1i6Qw%3D%3D,https://sam.gov/opp/9b41ad1bb80c4c0185f42811866b291b/view,2026-08-31 / metadata dated 2023,Status detail: Current identity; forecast role needs validation.
94,NIWC PAC acquisition,NIWC Pacific > Contracts > CANES Engineering,Contract specialist,,CANES Engineering Support,Stephen Enokida,Contract Specialist for CANES Engineering solicitation/award,Dated / revalidate,2025-05-23,CANES / adjacent procurement,CANES host-network contract lineage and engineering support; not AA solicitation authority.,Use only for the applicable CANES action.,stephen.enokida@navy.mil / stephen.i.enokida.civ@us.navy.mil,619-553-5764,A / High,https://sam.gov/opp/7fdb61d8b1d24ab8b4489068221433c8/view,https://www.navwar.navy.mil/Portals/93/Images/Documents/NAVWAR_LRAE_Report.xlsx?ver=3bKfCbGtYWA36Jvgb1i6Qw%3D%3D,2025-05-23,Status detail: Current-recent / adjacent action.
95,NIWC PAC acquisition,NIWC Pacific > Contracts > TACNET ISEA follow-on,Sources-sought POC,,N66001-27-R-0001,Aica M. Dizon,Primary TACNET ISEA sources-sought POC; Contract Specialist,Current,2026-05-27,TACNET / adjacent procurement,Current market-research channel for TACNET ISEA follow-on only.,Not an AA channel.,aica.m.dizon.civ@us.navy.mil,619-553-4474,A / High,https://sam.gov/opp/8a9e542eb98d4679a04b6c31416e288d/view,,2026-05-27,Status detail: Current / adjacent action.
96,NIWC PAC acquisition,NIWC Pacific > Contracts > TACNET and NEN adjacent actions,Secondary POC,,N66001-27-R-0001 / N66001-27-R-3601,Emily F. Green,Secondary POC on TACNET ISEA and NEN ISEA market research,Current,2026-05-27,Network / adjacent procurement,Secondary contact for named network actions only; no AA authority.,Not an AA channel.,emily.f.green.civ@us.navy.mil,619-553-4516 (other 2026 notices),A / High,https://sam.gov/opp/8a9e542eb98d4679a04b6c31416e288d/view,https://sam.gov/opp/2287fe684e02406fa563695eb849e7b3/view,2026-04/05,Status detail: Current / adjacent actions.
97,NIWC PAC acquisition,NIWC Pacific > Contracts > NEN ISEA,Sources-sought POC,,N66001-27-R-3601,Tessa L. Wastun,Primary NEN ISEA sources-sought POC; Contract Specialist,Current,2026-04-10,Enterprise network / adjacent procurement,Current NEN ISEA market-research channel only; no AA authority.,Not an AA channel.,tessa.l.wastun2.civ@us.navy.mil,,A / High,https://sam.gov/opp/2287fe684e02406fa563695eb849e7b3/view,,2026-04-10,Status detail: Current / adjacent action.
98,NIWC PAC dated forecast contacts,NIWC Pacific > FIELD / Code 40 acquisition forecasts,Forecast contracting POC,40 forecast,FIELD acquisition forecasts,Norman P. Julien,LRAE contracting POC,Forecast / dated,Workbook metadata dated 2023,Fleet deployment / adjacent procurement,Dated acquisition-planning contact for Code 40 work; not an AA solicitation channel.,Verify against a live action before use.,norman.p.julien@navy.mil,,C / Low-currentness,https://www.navwar.navy.mil/Portals/93/Images/Documents/NAVWAR_LRAE_Report.xlsx?ver=3bKfCbGtYWA36Jvgb1i6Qw%3D%3D,,Workbook metadata dated 2023,Status detail: Forecast contact / verify.
99,NIWC PAC dated forecast contacts,NIWC Pacific > ISR / Code 56 acquisition forecasts,Forecast contracting POC,56 forecast,ISR acquisition forecasts,Bryan F. Mansfield,LRAE contracting POC,Forecast / dated,Workbook metadata dated 2023,ISR / adjacent procurement,Dated acquisition-planning contact for Code 56 work; not an AA solicitation channel.,Verify against a live action before use.,bryan.f.mansfield.civ@us.navy.mil,,C / Low-currentness,https://www.navwar.navy.mil/Portals/93/Images/Documents/NAVWAR_LRAE_Report.xlsx?ver=3bKfCbGtYWA36Jvgb1i6Qw%3D%3D,,Workbook metadata dated 2023,Status detail: Forecast contact / verify.
100,NIWC PAC dated forecast contacts,NIWC Pacific > Code 70 / Corporate IT 8.2 acquisition forecasts,Forecast contracting POC,70 / 8.2 forecast,Cyber/S&T and IT-management forecasts,Jacob P. Ward,LRAE contracting POC,Forecast / dated,Workbook metadata dated 2023,Cyber/IT / adjacent procurement,Dated acquisition-planning contact for Code 70 and IT-management forecasts; not an AA solicitation channel.,Verify against a live action before use.,jacob.p.ward.civ@us.navy.mil,,C / Low-currentness,https://www.navwar.navy.mil/Portals/93/Images/Documents/NAVWAR_LRAE_Report.xlsx?ver=3bKfCbGtYWA36Jvgb1i6Qw%3D%3D,,Workbook metadata dated 2023,Status detail: Forecast contact / verify.
101,External program forecast,PMW 160 / CANES acquisition forecast,Forecast contracting POC,,CANES TVE / production MAC,Susana L. Wiker,LRAE contracting POC,Forecast / dated,Workbook metadata dated 2023,CANES / adjacent procurement,Historical planning contact for PMW 160 CANES test/verification and production forecasts.,Outside the NIWC PAC reporting hierarchy; not a live AA channel.,Susana.L.Wiker.civ@us.navy.mil,,C / Low-currentness,https://www.navwar.navy.mil/Portals/93/Images/Documents/NAVWAR_LRAE_Report.xlsx?ver=3bKfCbGtYWA36Jvgb1i6Qw%3D%3D,,Workbook metadata dated 2023,Status detail: Forecast contact / verify.
102,NIWC Atlantic dated forecast,NIWC Atlantic > CANES / TACNET forecast,Forecast contracting POC,,NIWC Atlantic CANES/TACNET,Sheela Casper,LRAE contracting POC,Forecast / dated,Workbook metadata dated 2023,CANES / adjacent procurement,Atlantic technical-production and software-lifecycle planning contact; outside NIWC PAC and not an AA channel.,Outside the NIWC PAC reporting hierarchy; not a live AA channel.,sheela.casper2.civ@us.navy.mil,,C / Low-currentness,https://www.navwar.navy.mil/Portals/93/Images/Documents/NAVWAR_LRAE_Report.xlsx?ver=3bKfCbGtYWA36Jvgb1i6Qw%3D%3D,,Workbook metadata dated 2023,Status detail: Forecast contact / historical.
103,NIWC PAC acquisition,NIWC Pacific > Contracts > TACNET ISEA parent award,Historical contract specialist,,N66001-22-R-0030 / N66001-23-D-0004,David M. Roden,Contract Specialist,Historical,2022-12-12,TACNET / adjacent procurement,Parent TACNET ISEA contract lineage; superseded for follow-on collection by current sources-sought contacts.,Historical action only; not an AA channel.,david.m.roden2.civ@us.navy.mil,619-553-2087,A / High historical,https://sam.gov/opp/e8176359f96a40a5b6ed0301a026cdf4/view,,2022-12-12,Status detail: Historical / superseded for follow-on.
104,External requirements chain,OPNAV > Warfighting Requirements and Capabilities,OPNAV,N6N9,"DCNO, Warfighting Requirements and Capabilities",VADM Michael S. Wosje,"Deputy Chief of Naval Operations, N6N9",Current,2026-08-31,Requirements umbrella,Single-accountable-officer level above the Information Warfare resource-sponsor chain; not AA contracting authority.,Requirements/accountability context; not an RFP contact.,,,A / High,https://www.mynavyhr.navy.mil/Portals/55/Messages/NAVADMIN/NAV2026/NAV26204.pdf?ver=Z0SgLUjWKMJuHZr8CPoubQ%3D%3D,,2026-08-31,
105,External requirements chain,OPNAV > N6N9,OPNAV,N6N9C,IW Requirements and Capabilities / DON Deputy CIO (Navy),Jennifer Edgin,Assistant DCNO for IW Requirements and Capabilities; DON Deputy CIO (Navy),Current,2026-05,Requirements / policy,"Policy influence over tactical-network, cyber, IT, space, and DevSecOps governance; not PMW 160 execution.",Not an RFP contact.,,,A / High,https://www.mynavyhr.navy.mil/Portals/55/Messages/NAVADMIN/NAV2026/NAV26123.pdf?ver=t6jdXYHcASmJJFJn31N1-g%3D%3D,,2026-05,
106,External requirements chain,OPNAV > Information Warfare,OPNAV directorate,N99,Information Warfare,RADM Susan BryerJoyner,"Director, Information Warfare",Current,2026-07-31,Resource sponsor,"Senior resource-sponsor authority for the Information Warfare portfolio, including networks.",Sponsor authority; not an RFP contact.,,,A / High,https://www.navy.mil/Leadership/Flag-Officer-Biographies/BioDisplay/Article/2322704/rear-admiral-susan-bryerjoyner/,https://www.mynavyhr.navy.mil/Portals/55/Messages/NAVADMIN/NAV2026/NAV26123.pdf?ver=t6jdXYHcASmJJFJn31N1-g%3D%3D,2026-07-31,
107,External requirements chain,OPNAV > N99,OPNAV directorate,N99C,C3 / tactical and enterprise networks / NC3,Eric Dobson,"Deputy Director, N99C (self-reported)",Dated / revalidate,Since 2025-11,Working-level resource sponsor,Likely closest publicly named current OPNAV network sponsor to tactical and enterprise networks.,Sponsor context; not an RFP contact.,,,C / Medium-low,https://www.linkedin.com/in/ericdobson101,https://www.mynavyhr.navy.mil/Portals/55/Messages/NAVADMIN/NAV2026/NAV26123.pdf?ver=t6jdXYHcASmJJFJn31N1-g%3D%3D,Current profile / 2026-05 branch scope,Status detail: Current-likely; self-reported.
108,External acquisition chain,Department of the Navy > PAE Mission Systems,Portfolio acquisition,,PAE Mission Systems,Jim Day,"Portfolio Acquisition Executive, Mission Systems",Current,2026-05-11,Acquisition accountability,Portfolio-level acquisition and integration authority over the legacy PEO C4I mission-system chain containing Tactical Networks.,Portfolio authority; not an AA solicitation contact.,,,A / High,https://www.navy.mil/Press-Office/Press-Releases/display-pressreleases/Article/4483312/navy-advances-acquisition-reform-strategy-appoints-three-new-portfolio-acquisit/,https://www.navy.mil/Press-Office/News-Stories/display-news/Article/4483389/department-of-the-navy-launches-pae-mission-systems-to-accelerate-warfighting-c/,2026-05-11,
109,External acquisition chain,PAE Mission Systems > Capability Portfolio,Capability portfolio,,Communications / sensors / timing portfolio,Dr. William “Bill” Luebke,Capability Portfolio Executive; former PEO C4I,Current,2026,Portfolio acquisition / indirect,Former direct PEO above PMW 160; current AA relationship is indirect because public PAE material does not map PMW 160 to a named portfolio.,Not an RFP contact.,,,A / High,https://www.navsea.navy.mil/Home/Warfare-Centers/NSWC-Crane/Partnerships/Contracts/APBI/,https://www.dvidshub.net/image/8619319/pmw-160-change-command,2026 / historical role through 2026-05,
110,External acquisition chain,PAE Mission Systems > Mission Execution Office,Portfolio execution,,Mission Execution Office,Jeff Myers,"Director, Mission Execution Office; former PMW 160 Deputy PM",Dated / revalidate,2026,Portfolio execution,Potential portfolio performance and transition influence; no public evidence of direct AA ownership.,Not an RFP contact.,,,B / Medium,https://www.linkedin.com/in/jeffmyers2,https://www.ticketsource.com/pmw-160/pmw-160-industry-day/e-beyzjd,Current profile / role verified through 2025-06,Status detail: Current-likely; self-reported.
111,External acquisition chain,Department of the Navy > NAVWAR,Systems command,,NAVWAR,RADM Kurt J. Rothenhaus,"Commander, NAVWAR",Current,Since 2025-10,SYSCOM command / technical infrastructure,"Oversees the warfare-center enterprise supporting AA and brings direct historical PMW 160, ACS, and C2C24 knowledge.",Not the AA requirements sponsor or solicitation contracting officer.,,,A / High,https://www.navy.mil/Leadership/Flag-Officer-Biographies/Article/2236520/rear-admiral-j-kurt-rothenhaus/,,Bio updated 2025-11-17,
112,External program chain,PAE Mission Systems > Tactical Networks,Program office,PMW 160,Tactical Networks,CAPT Nicole K. Nigro,"Program Manager, PMW 160",Current,2026-08,Direct – program sponsor,Senior program owner for Tactical Networks/CANES and the PAS/ACS environment containing AA.,Program authority; procurement communications still go through NIWC Pacific RFP contacts.,,,A / High,https://www.linkedin.com/posts/pae-mission-systems_paemissionsystems-cybersecurity-zerotrust-activity-7490439563929247744-kYqM,https://www.dvidshub.net/image/8619315/pmw-160-change-command,2026-08 / 2024-08,
113,External program chain,PAE Mission Systems > Tactical Networks,Program office,PMW 160,Tactical Networks,Dave Arellano,"Deputy Program Manager, PMW 160",Dated / revalidate,2026 spring,Direct – program execution,"Deputy program authority across CANES, PAS, and other Tactical Networks portfolios.",Program execution; not an RFP contact.,,,B / Medium-high,https://www.linkedin.com/posts/dave-arellano-0b020575_im-happy-to-announce-that-im-starting-a-activity-7430779375911870464-wHmP,https://www.linkedin.com/in/dave-arellano-0b020575,2026 spring,Status detail: Current-likely; self-reported.
114,External program chain,PAE Mission Systems > Tactical Networks,Technical leadership,PMW 160 / NAVWAR 5.8,Tactical Networks,Rachel Bondi,"CTO / Technical Director, PAE Mission Systems Tactical Networks; NAVWAR 5.8 deputy",Dated / revalidate,2026,Direct – technical architecture,"Technical influence over afloat cloud, APIs, identity, zero trust, and portable software—the architecture AA deploys into.",Technical authority context; not an RFP contact.,,,B / Medium-high,https://www.linkedin.com/in/rachelbondi,https://ismg.events/summit/otsec-world-2026/,2026,Status detail: Current-likely.
115,External program chain,PMW 160 > CANES,Principal Assistant Program Manager,PMW 160,CANES,Alma Loe,CANES Principal Assistant Program Manager,Dated / revalidate,2025-06,Direct – host network sponsor,Owns the CANES host-network baseline on which ACS and AA operate.,Upstream program dependency; not an AA solicitation contact.,,,B / Medium-high,https://www.linkedin.com/posts/program-executive-office-command-control-communications-computers-and-intelligence_peoc4i-seabedtospace-teamappreciation-activity-7275238401975472128-o3DM,https://www.ticketsource.com/pmw-160/pmw-160-industry-day/e-beyzjd,2025-06,Status detail: Current-recent; post-PAE continuity unconfirmed.
116,External program chain,PMW 160 > Platform Application Services,Principal Assistant Program Manager,PMW 160 / PAS,Platform Application Services,Jason Samarin,PAS Principal Assistant Program Manager,Dated / revalidate,2025-06,Direct – closest public program sponsor,"Most relevant publicly named PMW 160 sponsor above ACS, Application Integration, and Application Arsenal.",Program sponsor context; not an RFP contact.,,,B / Medium,https://www.ticketsource.com/pmw-160/pmw-160-industry-day/e-beyzjd,,2025-06,Status detail: Current-recent; post-PAE continuity unconfirmed.
117,External program chain,PMW 160 > PAS > DevOps / ACS,Assistant Program Manager,PMW 160 / PAS,DevOps / Agile Core Services,Danny Parentis,DevOps / ACS Assistant Program Manager,Unverified,2025-05,Direct – probable ACS management,"If still assigned, likely the deepest upstream PMW 160 Government role governing ACS and AA service outcomes.",Do not engage or present as current without validation.,,,C / Low,https://nslab.cloud/,,"Secondary org chart, 2025-05",Status detail: Low-confidence / validate.
118,External program chain,PMW 160 > PAS > Application Integration,Assistant Program Manager,PMW 160 / PAS,Application Integration,Meena Naik,Application Integration Assistant Program Manager,Unverified,2025-05,Direct – application integration,Potentially governs the testing/integration seam feeding approved applications into AA.,Do not engage or present as current without validation.,,,C / Low,https://nslab.cloud/,,"Secondary org chart, 2025-05",Status detail: Low-confidence / validate.
119,External program chain,PMW 160 > PAS,Process lead,PMW 160 / PAS,Platform Application Services,Dustin Gaspard,PAS Process Lead,Unverified,2025-05,Direct – process influence,"May influence onboarding, workflow, and release processes across PAS/ACS/AA.",Do not engage or present as current without validation.,,,C / Low,https://nslab.cloud/,,"Secondary org chart, 2025-05",Status detail: Low-confidence / validate.
120,Enterprise policy overlay,Department of the Navy > CIO,Enterprise policy,,DON CIO,M. Barry Tanner,Department of the Navy Chief Information Officer,Current,2026-08-18,Enterprise IT policy,"Executive policy authority over Orion and enterprise DevSecOps standardization; overlay, not PMW 160 chain-of-command.",Not an AA RFP contact.,,,A / High,https://www.navy.mil/Press-Office/Press-Releases/display-pressreleases/Article/4576025/acting-secretary-of-the-navy-appoints-m-barry-tanner-as-chief-information-offic/,https://www.doncio.navy.mil/ContentView.aspx?id=20502,2026-08-18,
121,Enterprise policy overlay,Department of the Navy > CIO > CTO,Enterprise technical policy,,DON CTO,Justin Fanelli,Department of the Navy Chief Technology Officer,Current,2026,Enterprise technical policy,Public technical champion for Orion and DevSecOps consolidation; affects development/tooling interfaces but does not own afloat AA distribution.,Not an AA RFP contact.,,,A / High,https://www.doncio.navy.mil/ContentView.aspx?id=20505,https://fedgovtoday.com/innovation-in-govt/from-devsecops-sprawl-to-enterprise-scale-at-the-department-of-the-navy,2026,
122,NAVWAR fleet execution interface,NAVWAR > Fleet Readiness Directorate,Directorate leadership,,Fleet Readiness,Steven Crosson,"Deputy and Technical Director, NAVWAR Fleet Readiness Directorate as of October 2024",Dated / revalidate,2024-10-17,Fleet sustainment / adjacent,"Fleet readiness, training, and sustainment interface for ACS/AA-delivered capability.",Operational/technical influence; not an RFP contact.,,,A / High dated,https://www.dvidshub.net/news/483389/navwar-empowers-fleet-sailors-and-first-responders-with-custom-systems-training,,2024-10-17,Status detail: Dated role; revalidate.
123,Historical sponsor lineage,Legacy PEO C4I > PMW 160,Program office,PMW 160,Tactical Networks,CAPT Catherine “Katy” Boehme,Historical PMW 160 Program Manager,Historical,2021–2024-08,Historical – direct program authority,Program manager during the first AA deployment; explicitly described remote/automatic delivery.,Historical context only.,,,A / High historical,https://www.navy.mil/Press-Office/News-Stories/Article/2735561/navwar-deploys-the-navys-first-application-arsenal/,https://www.dvidshub.net/image/8619315/pmw-160-change-command,2021 / 2024-08,
124,Historical sponsor lineage,Legacy PMW 160 > Platform Application Services,Principal Assistant Program Manager,PMW 160 / PAS,Platform Application Services,Brian Miller,Historical PAS Principal Assistant Program Manager,Historical,2021,Historical – direct AA sponsor,Explicitly tied AA to the operations portion of Navy DevSecOps.,Historical context only.,,,A / High historical,https://www.navy.mil/Press-Office/News-Stories/Article/2735561/navwar-deploys-the-navys-first-application-arsenal/,,2021,
125,Historical sponsor lineage,Legacy PMW 160 > ACS / DevOps,Assistant Program Manager,PMW 160 / ACS,Agile Core Services / DevOps,Emily Nguyen,Historical ACS and DevOps Assistant Program Manager,Historical,2019,Historical – direct ACS execution,Oversaw ACS/DevOps while the Application Arsenal capability was being established.,Historical context only.,,,A / High historical,https://www.navy.mil/DesktopModules/ArticleCS/Print.aspx?Article=2240143&ModuleId=523&PortalId=1,,2019,
126,Historical sponsor lineage,Legacy OPNAV > CANES resource sponsorship,Resource sponsor,N2N6F4,CANES resource sponsorship,Jamie Thayer,Historical CANES Resource Sponsor,Historical,2018,Historical requirements sponsor,"Named sponsor during C2C24, CSA, RAISE, ACS, and AA institutionalization.",Historical context only.,,,A / High historical,https://www.navy.mil/Press-Office/News-Stories/Article/2248847/working-group-promotes-navy-application-modernization-and-accelerated-delivery/,,2018,
127,Historical sponsor lineage,Project Overmatch > DevSecOps,Technical lead,,Project Overmatch,Rick Jack,Historical Project Overmatch DevSecOps Lead,Historical,2021,Historical technical influence,Publicly called AA essential to OSA and rapid software fielding.,Historical; current status not established.,,,A / High historical,https://www.navy.mil/Press-Office/News-Stories/Article/2735561/navwar-deploys-the-navys-first-application-arsenal/,,2021,
128,Historical sponsor lineage,Legacy PEO Digital > Cloud,Program management,,Cloud Program,Travis Methvin,"Historical Cloud Program Manager, PEO Digital",Historical,2021,Historical cloud adjacency,"Managed the Naval Digital Marketplace gateway that provisioned OSA IL6; adjacent cloud authority, not AA owner.",Historical context only.,,,A / High historical,https://www.navy.mil/Press-Office/News-Stories/Article/2710817/navwar-launches-first-secret-level-devsecops-pipeline/,,2021,
129,AA chain & adjacent ecosystem,NIWC Pacific > Command & Control Department,Role mailbox,53,Command & Control Department,C2 Careers,Official Command and Control Department recruiting / workforce mailbox,Official channel,Accessed 2026-09-02,Technical ecosystem / indirect,"Department-level public channel for Code 53 workforce and capability context; useful for mapping the organization, but not an AA procurement route.",Functional information channel only; not solicitation authority.,C2Careers@us.navy.mil,,A / High,https://www.niwcpacific.navy.mil/About/Departments/Command-Control-C2/,,Accessed 2026-09-02,Added in augmentation pass. Role mailbox from the official C2 Department page; do not use for RFP questions.
130,NIWC PAC portfolio map,NIWC Pacific > Business Portfolios > Business and Force Support,Business portfolio,Portfolio; numeric code not public,Business and Force Support,Public node - no named portfolio lead identified,Business portfolio for business and force-support applications,Public gap,Accessed 2026-09-02,Application / cloud adjacency,"Public portfolio language covers business and force support applications, systems-of-systems testing of application software, cloud computing, virtualization, and computing environments.",Portfolio context only; not an AA RFP channel.,,,A / High for function; gap for person,https://www.niwcpacific.navy.mil/About/Business-Portfolios/,,Accessed 2026-09-02,Added in augmentation pass from official NIWC Pacific business-portfolio structure.
131,NIWC PAC portfolio map,NIWC Pacific > Business Portfolios > Decision Superiority,Business portfolio,Portfolio; numeric code not public,Decision Superiority,Public node - no named portfolio lead identified,Business portfolio for C2-related software and experimentation,Public gap,Accessed 2026-09-02,C2 software / direct-adjacent,"Public portfolio language covers C2-related software development, wargaming and experimentation, command-center design, tactical data links, and C2 system support.",Portfolio context only; not an AA RFP channel.,,,A / High for function; gap for person,https://www.niwcpacific.navy.mil/About/Business-Portfolios/,https://www.niwcpacific.navy.mil/About/Departments/Command-Control-C2/,Accessed 2026-09-02,Added in augmentation pass. Likely strongest public business-portfolio alignment for AA-style C2 application delivery.
132,NIWC PAC portfolio map,NIWC Pacific > Business Portfolios > Integrated Cyber Operations,Business portfolio,Portfolio; numeric code not public,Integrated Cyber Operations,Public node - no named portfolio lead identified,Business portfolio for cyber operations and security engineering,Public gap,Accessed 2026-09-02,Cyber / DevSecOps adjacency,"Relevant to secure software, cyber accreditation, risk management, cybersecurity architecture, computer-network defense, penetration testing, and offensive cyber tool development.",Portfolio context only; not an AA RFP channel.,,,A / High for function; gap for person,https://www.niwcpacific.navy.mil/About/Business-Portfolios/,https://www.niwcpacific.navy.mil/About/Departments/Cyber-S-T/,Accessed 2026-09-02,"Added in augmentation pass. Useful for mapping AA security/accreditation interfaces, not ownership."
133,NIWC PAC portfolio map,NIWC Pacific > Business Portfolios > Transport and Computing Infrastructure,Business portfolio,Portfolio; numeric code not public,Transport and Computing Infrastructure,Public node - no named portfolio lead identified,Network and computing infrastructure portfolio,Public gap,Accessed 2026-09-02,Hosting / infrastructure adjacency,"Covers network and computing IPTs, common computing environments, data transport, servers, storage, tactical shore systems, and military network environments that support deployed applications.",Portfolio context only; not an AA RFP channel.,,,A / High for function; gap for person,https://www.niwcpacific.navy.mil/About/Business-Portfolios/,https://www.niwcpacific.navy.mil/About/Departments/Communications-and-Networks/,Accessed 2026-09-02,Added in augmentation pass. Supports AA/OSA platform-dependency mapping.
134,NIWC PAC portfolio map,"NIWC Pacific > Business Portfolios > Product, Installation and In-Service Support",Business portfolio,Portfolio; numeric code not public,"Product, Installation and In-Service Support",Public node - no named portfolio lead identified,"Business portfolio for production, installation, ISEA, help desk, training, and sustainment",Public gap,Accessed 2026-09-02,Fielding / sustainment adjacency,"Relevant to transition from app/software builds into full-rate production, operations, maintenance, C4I help desk, training, logistics, installation design, and in-service support.",Portfolio context only; not an AA RFP channel.,,,A / High for function; gap for person,https://www.niwcpacific.navy.mil/About/Business-Portfolios/,https://www.niwcpacific.navy.mil/About/Departments/Fleet-Installation-Engineering-and-Logistics/,Accessed 2026-09-02,Added in augmentation pass. Useful downstream deployment/sustainment interface for AA.
135,NIWC PAC portfolio map,"NIWC Pacific > Business Portfolios > Portfolio Coordinator, Indo-Pacific",Portfolio coordinator,Code H,"Portfolio Coordinator, Indo-Pacific",Public node - named Code H lead not identified,Portfolio coordinator / Code H,Public gap,Accessed 2026-09-02,Pacific AOR / C4I adjacency,Official portfolio page says Code H manages projects across all business portfolios for the Pacific area of operations and has a C4I/MILCON subportfolio.,Regional portfolio context only; not an AA RFP channel.,,,A / High for code/function; gap for person,https://www.niwcpacific.navy.mil/About/Business-Portfolios/,,Accessed 2026-09-02,Added in augmentation pass. This was the only additional explicit public code number found in the portfolio research.
136,AA chain & adjacent ecosystem,Code 53200 > Navy Digital Ecosystem > Overmatch Software Armory > OSA Tools,OSA component,53200 functional; child code not public,OSA Tools,Public gap - current OSA Tools lead not identified,Current OSA Tools Government lead,Public gap,2026-09-02,Direct - technical ecosystem,"OSA Tools is an official Overmatch Software Armory component alongside ACS, Collaborative Staging Environments, and Application Arsenal.",Do not infer the current lead from historical OSA Tools personnel.,,,A / High for function; gap for person,https://www.niwcpacific.navy.mil/Technology/Overmatch-Software-Armory/,https://www.dvidshub.net/news/401910/navwar-launches-first-secret-level-devsecops-pipeline,Accessed 2026-09-02 / 2021-07-28,Added in augmentation pass. Historical Matt ONeil row remains separate and should not be treated as current.
137,AA chain & adjacent ecosystem,Code 53200 > Navy Digital Ecosystem > Overmatch Software Armory > Agile Core Services,OSA component,53200 functional; child code not public,Agile Core Services,Public gap - current ACS program / product lead not identified,Current ACS Government lead / product owner,Public gap,2026-09-02,Direct - technical ecosystem,ACS is an official OSA component and a direct fleet/application services dependency for Application Arsenal delivery.,Use the published OSA mailbox or solicitation channels; do not infer a current manager from dated SME references.,,,A / High for function; gap for person,https://www.niwcpacific.navy.mil/Technology/Overmatch-Software-Armory/,https://www.dvidshub.net/news/483389/navwar-empowers-fleet-sailors-and-first-responders-with-custom-systems-training,Accessed 2026-09-02 / 2024-10-17,"Added in augmentation pass. Johnathan Gorbea is retained as a dated ACS SME, not a current ACS manager."
138,AA chain & adjacent ecosystem,Code 53200 > Navy Digital Ecosystem > Overmatch Software Armory > Collaborative Staging Environments,OSA component,53200 functional; child code not public,Collaborative Staging Environments,Public gap - current CSE lead not identified,Current Collaborative Staging Environments Government lead,Public gap,2026-09-02,Direct - technical ecosystem,Collaborative Staging Environments are an official OSA component supporting staging and transition of applications toward fleet environments and AA.,Do not assign a named lead without a fresh official source.,,,A / High for function; gap for person,https://www.niwcpacific.navy.mil/Technology/Overmatch-Software-Armory/,,Accessed 2026-09-02,Added in augmentation pass. Function is current; individual lead remains unresolved in public sources.
139,AA chain & adjacent ecosystem,Code 53200 > Navy Digital Ecosystem > Overmatch Software Armory > Continuous cyber accreditation / RAISE,OSA accreditation function,53200 functional; child code not public,Rapid Assess and Incorporate Software Engineering (RAISE),Public gap - current RAISE / accreditation lead not identified,Current Government accreditation / ATO lead for OSA or AA path,Public gap,2026-09-02,Direct - delivery governance,"OSA public material ties continuous cyber accreditation and RAISE to reduced ATO timelines, making this a material AA delivery role.","Treat as a needed role node, not an engagement channel.",,,A / High for function; gap for person,https://www.niwcpacific.navy.mil/Technology/Overmatch-Software-Armory/,https://www.navy.mil/Press-Office/News-Stories/Article/2248847/working-group-promotes-navy-application-modernization-and-accelerated-delivery/,Accessed 2026-09-02 / 2018,Added in augmentation pass. No public source found naming a current RAISE/accreditation lead.
140,NIWC PAC application UX interface,NIWC Pacific > NAVAL UX > User-Centered Design & Engineering,Branch / design engineering function,Numeric code not public,User-Centered Design & Engineering,Jason H. Wong,"Branch Head, User-Centered Design & Engineering",Dated / revalidate,Accessed 2026-09-02,Application UX / adjacent,"Deep public branch-level UX/design node relevant to AA app usability, product design, and human-centered software delivery.",Technical/community interface only; not AA ownership or RFP authority.,,,A / High for public role; AA specificity medium,https://www.niwcpacific.navy.mil/Connect/Events/NAVAL-UX/,,Accessed 2026-09-02,Added in augmentation pass from the official NIWC Pacific NAVAL UX page.
141,NIWC PAC application UX interface,NIWC Pacific > NAVAL UX > Cognitive and Decision Science,Senior technologist domain,Numeric code not public,Cognitive and Decision Science,Jamie Lukos,Senior Technologist for Cognitive and Decision Science,Dated / revalidate,Accessed 2026-09-02,C2 decision workflows / adjacent,"Relevant to decision-support application design, human factors, and C2 workflows that may shape AA-delivered applications.",Technical/community interface only; not AA ownership or RFP authority.,,,A / High for public role; AA specificity medium,https://www.niwcpacific.navy.mil/Connect/Events/NAVAL-UX/,,Accessed 2026-09-02,Added in augmentation pass from the official NIWC Pacific NAVAL UX page.
142,NAVWAR industry interface,NAVWAR > Office of Small Business Programs,Advisory office,,Office of Small Business Programs,Kimberly Reidy,"Director, Office of Small Business Programs, NAVWAR",Dated / revalidate,2026-05-20,Industry interface / indirect,Upstream NAVWAR small-business and industry-engagement leader present in the same public Code 532 industry event as John Barrie.,General industry interface; not an AA RFP contact unless the solicitation team directs otherwise.,,,A / High for event role; currentness revalidate,https://www.ndia-sd.org/event/sb-committee-meeting-may-20/,,2026-05-20,"Added in augmentation pass. Source is an industry-event agenda, not an official NAVWAR staff directory."
143,NAVWAR industry interface,NAVWAR > Office of Small Business Programs,Advisory office / staff,,Office of Small Business Programs,Caleb Foster,"Small Business Programs, NAVWAR",Dated / revalidate,2026-05-20,Industry interface / indirect,Public NAVWAR small-business programs contact appearing in the same Code 532 industry-event context.,General small-business interface; not an AA RFP contact unless separately named in solicitation materials.,,,B / Medium-high for event role; title specificity limited,https://www.ndia-sd.org/event/sb-committee-meeting-may-20/,,2026-05-20,Added in augmentation pass. Event agenda gives organization/function but not a detailed billet title.
144,External rapid capability overlay,Department of the Navy > Rapid Capabilities Office,Rapid capability interface,,DON Rapid Capabilities Office,Jared Kaib,Public POC for DON RCO overview in NIWC Pacific industry-brief deck,Dated / revalidate,2026-05-07,Rapid acquisition / adjacent,Potentially relevant to rapid experimentation or transition paths around OSA/AA-adjacent software capabilities; no direct AA ownership found.,External overlay only; not NIWC Pacific reporting chain and not AA RFP authority.,,,B / Medium-high,https://www.ndia-sd.org/wp-content/uploads/2026/05/NDIA-7-May-2026-Combined-video-embedded.pdf,,2026-05-07,Added in augmentation pass. Included as adjacent public interface because it appears in the NIWC Pacific May 2026 industry day deck.
145,NIWC PAC public affairs interface,NIWC Pacific > Public Affairs / NAML media interface,Public affairs director,,Public Affairs,Darian Wilson,Corporate Communications and Public Affairs Director; media route for NIWC Pacific or NAML SME interviews,Dated / revalidate,2026-09,Access route / indirect,Useful public route for requesting NIWC Pacific or NAML subject-matter interviews; not a technical AA POC.,Public affairs gateway only; not procurement or technical authority.,,,B / Medium,https://www.dvidshub.net/news/559471/niwc-pacific-afcea-international-san-diego-host-naml-2026-advance-machine-learning-warfighter,https://www.niwcpacific.navy.mil/Connect/Events/Naval-Applications-of-Machine-Learning-NAML/,2026-09,"Added in augmentation pass because public source names a route for SME interviews, not because of direct AA ownership."
